{
  "variants": {
      "age=2": [
          { "model": "block/sweet_berry_bush_stage2", "weight": 5 },
          { "model": "block/blue_sweet_berry_bush_stage2", "weight": 3 },
          { "model": "block/black_sweet_berry_bush_stage2", "weight": 2 }
      ],
      "age=3": [
          { "model": "block/sweet_berry_bush_stage3", "weight": 5 },
          { "model": "block/blue_sweet_berry_bush_stage3", "weight": 3 },
          { "model": "block/black_sweet_berry_bush_stage3", "weight": 2 }
      ]
  }
}
